TABLE_NAME,FIELD_NAME,FIELD_ORDER,VALUESET,VALUESET_DESCRIPTOR
TUMOR,RECORD_TYPE,1,,
TUMOR,REGISTRY_TYPE,2,,
TUMOR,RESERVED00,3,,
TUMOR,NAACCR_RECORD_VERSION,4,,
TUMOR,NPI_REGISTRY_ID,5,,
TUMOR,REGISTRY_ID,6,,
TUMOR,TUMOR_RECORD_NUMBER,7,,
TUMOR,PATIENT_ID_NUMBER,8,,
TUMOR,PATIENT_SYSTEM_ID_HOSP,9,,
TUMOR,RESERVED01,10,,
TUMOR,ADDR_AT_DX_CITY,11,,
TUMOR,ADDR_AT_DX_STATE,12,,
TUMOR,ADDR_AT_DX_POSTAL_CODE,13,,
TUMOR,COUNTY_AT_DX,14,,
TUMOR,RESERVED16,15,,
TUMOR,COUNTY_AT_DX_ANALYSIS,16,,
TUMOR,STATE_AT_DX_GEOCODE19708090,17,,
TUMOR,COUNTY_AT_DX_GEOCODE1990,18,,
TUMOR,CENSUS_TRACT19708090,19,,
TUMOR,CENSUS_BLOCK_GRP197090,20,,
TUMOR,CENSUS_COD_SYS19708090,21,,
TUMOR,CENSUS_TR_CERT19708090,22,,
TUMOR,STATE_AT_DX_GEOCODE2000,23,,
TUMOR,COUNTY_AT_DX_GEOCODE2000,24,,
TUMOR,CENSUS_TRACT2000,25,,
TUMOR,CENSUS_BLOCK_GROUP2000,26,,
TUMOR,CENSUS_TR_CERTAINTY2000,27,,
TUMOR,STATE_AT_DX_GEOCODE2010,28,,
TUMOR,COUNTY_AT_DX_GEOCODE2010,29,,
TUMOR,CENSUS_TRACT2010,30,,
TUMOR,CENSUS_BLOCK_GROUP2010,31,,
TUMOR,CENSUS_TR_CERTAINTY2010,32,,
TUMOR,STATE_AT_DX_GEOCODE2020,33,,
TUMOR,COUNTY_AT_DX_GEOCODE2020,34,,
TUMOR,CENSUS_TRACT2020,35,,
TUMOR,CENSUS_BLOCK_GROUP2020,36,,
TUMOR,CENSUS_TRACT_CERTAINTY2020,37,,
TUMOR,MARITAL_STATUS_AT_DX,38,,
TUMOR,RACE1,39,,
TUMOR,RACE2,40,,
TUMOR,RACE3,41,,
TUMOR,RACE4,42,,
TUMOR,RACE5,43,,
TUMOR,RACE_CODING_SYS_CURRENT,44,,
TUMOR,RACE_CODING_SYS_ORIGINAL,45,,
TUMOR,SPANISH_HISPANIC_ORIGIN,46,,
TUMOR,COMPUTED_ETHNICITY,47,,
TUMOR,COMPUTED_ETHNICITY_SOURCE,48,,
TUMOR,SEX,49,,
TUMOR,AGE_AT_DIAGNOSIS,50,,
TUMOR,DATE_OF_BIRTH,51,,
TUMOR,DATE_OF_BIRTH_FLAG,52,,
TUMOR,BIRTHPLACE,53,,
TUMOR,CENSUS_OCC_CODE19702000,54,,
TUMOR,CENSUS_IND_CODE19702000,55,,
TUMOR,OCCUPATION_SOURCE,56,,
TUMOR,INDUSTRY_SOURCE,57,,
TUMOR,TEXT_USUAL_OCCUPATION,58,,
TUMOR,TEXT_USUAL_INDUSTRY,59,,
TUMOR,CENSUS_OCC_IND_SYS7000,60,,
TUMOR,NHIA_DERIVED_HISP_ORIGIN,61,,
TUMOR,RACE_NAPIIA,62,,
TUMOR,IHS_LINK,63,,
TUMOR,GIS_COORDINATE_QUALITY,64,,
TUMOR,RURALURBAN_CONTINUUM1993,65,,
TUMOR,RURALURBAN_CONTINUUM2003,66,,
TUMOR,RURALURBAN_CONTINUUM2013,67,,
TUMOR,RUCA2000,68,,
TUMOR,RUCA2010,69,,
TUMOR,URIC2000,70,,
TUMOR,URIC2010,71,,
TUMOR,ADDR_AT_DX_COUNTRY,72,,
TUMOR,ADDR_CURRENT_COUNTRY,73,,
TUMOR,BIRTHPLACE_STATE,74,,
TUMOR,BIRTHPLACE_COUNTRY,75,,
TUMOR,FOLLOWUP_CONTACT_COUNTRY,76,,
TUMOR,PLACE_OF_DEATH_STATE,77,,
TUMOR,PLACE_OF_DEATH_COUNTRY,78,,
TUMOR,CENSUS_IND_CODE2010,79,,
TUMOR,CENSUS_OCC_CODE2010,80,,
TUMOR,CENSUS_TR_POVERTY_INDICTR,81,,
TUMOR,RESERVED02,82,,
TUMOR,SEQUENCE_NUMBER_CENTRAL,83,,
TUMOR,DATE_OF_DIAGNOSIS,84,,
TUMOR,DATE_OF_DIAGNOSIS_FLAG,85,,
TUMOR,PRIMARY_SITE,86,,
TUMOR,LATERALITY,87,,
TUMOR,HISTOLOGY_ICD_O2,88,,
TUMOR,BEHAVIOR_ICD_O2,89,,
TUMOR,HISTOLOGIC_TYPE_ICD_O3,90,,
TUMOR,BEHAVIOR_CODE_ICD_O3,91,,
TUMOR,GRADE,92,,
TUMOR,GRADE_PATH_VALUE,93,,
TUMOR,GRADE_PATH_SYSTEM,94,,
TUMOR,SITE_CODING_SYS_CURRENT,95,,
TUMOR,SITE_CODING_SYS_ORIGINAL,96,,
TUMOR,MORPH_CODING_SYS_CURRENT,97,,
TUMOR,MORPH_CODING_SYS_ORIGINL,98,,
TUMOR,DIAGNOSTIC_CONFIRMATION,99,,
TUMOR,TYPE_OF_REPORTING_SOURCE,100,,
TUMOR,CASEFINDING_SOURCE,101,,
TUMOR,AMBIGUOUS_TERMINOLOGY_DX,102,,
TUMOR,DATE_CONCLUSIVE_DX,103,,
TUMOR,DATE_CONCLUSIVE_DX_FLAG,104,,
TUMOR,MULT_TUM_RPT_AS_ONE_PRIM,105,,
TUMOR,DATE_OF_MULT_TUMORS,106,,
TUMOR,DATE_OF_MULT_TUMORS_FLAG,107,,
TUMOR,MULTIPLICITY_COUNTER,108,,
TUMOR,RESERVED03,109,,
TUMOR,NPI_REPORTING_FACILITY,110,,
TUMOR,REPORTING_FACILITY,111,,
TUMOR,NPI_ARCHIVE_FIN,112,,
TUMOR,ARCHIVE_FIN,113,,
TUMOR,ACCESSION_NUMBER_HOSP,114,,
TUMOR,SEQUENCE_NUMBER_HOSPITAL,115,,
TUMOR,ABSTRACTED_BY,116,,
TUMOR,DATE_OF1ST_CONTACT,117,,
TUMOR,DATE_OF1ST_CONTACT_FLAG,118,,
TUMOR,DATE_OF_INPT_ADM,119,,
TUMOR,DATE_OF_INPT_ADM_FLAG,120,,
TUMOR,DATE_OF_INPT_DISCH,121,,
TUMOR,DATE_OF_INPT_DISCH_FLAG,122,,
TUMOR,INPATIENT_STATUS,123,,
TUMOR,CLASS_OF_CASE,124,,
TUMOR,PRIMARY_PAYER_AT_DX,125,,
TUMOR,RX_HOSP_SURG_APP2010,126,,
TUMOR,RX_HOSP_SURG_PRIM_SITE,127,,
TUMOR,RX_HOSP_SCOPE_REG_LN_SUR,128,,
TUMOR,RX_HOSP_SURG_OTH_REG_DIS,129,,
TUMOR,RX_HOSP_REG_LN_REMOVED,130,,
TUMOR,RX_HOSP_RADIATION,131,,
TUMOR,RX_HOSP_CHEMO,132,,
TUMOR,RX_HOSP_HORMONE,133,,
TUMOR,RX_HOSP_BRM,134,,
TUMOR,RX_HOSP_OTHER,135,,
TUMOR,RX_HOSP_DX_STG_PROC,136,,
TUMOR,RX_HOSP_PALLIATIVE_PROC,137,,
TUMOR,RX_HOSP_SURG_SITE9802,138,,
TUMOR,RX_HOSP_SCOPE_REG9802,139,,
TUMOR,RX_HOSP_SURG_OTH9802,140,,
TUMOR,RESERVED04,141,,
TUMOR,TNM_PATH_STAGED_BY,142,,
TUMOR,TNM_CLIN_STAGED_BY,143,,
TUMOR,METS_AT_DX_BONE,144,,
TUMOR,METS_AT_DX_BRAIN,145,,
TUMOR,METS_AT_DX_DISTANT_LN,146,,
TUMOR,METS_AT_DX_LIVER,147,,
TUMOR,METS_AT_DX_LUNG,148,,
TUMOR,METS_AT_DX_OTHER,149,,
TUMOR,TUMOR_SIZE_CLINICAL,150,,
TUMOR,TUMOR_SIZE_PATHOLOGIC,151,,
TUMOR,TUMOR_SIZE_SUMMARY,152,,
TUMOR,DERIVED_SEER_PATH_STG_GRP,153,,
TUMOR,DERIVED_SEER_CLIN_STG_GRP,154,,
TUMOR,DERIVED_SEER_CMB_STG_GRP,155,,
TUMOR,DERIVED_SEER_COMBINED_T,156,,
TUMOR,DERIVED_SEER_COMBINED_N,157,,
TUMOR,DERIVED_SEER_COMBINED_M,158,,
TUMOR,DERIVED_SEER_CMB_T_SRC,159,,
TUMOR,DERIVED_SEER_CMB_N_SRC,160,,
TUMOR,DERIVED_SEER_CMB_M_SRC,161,,
TUMOR,EOD_PRIMARY_TUMOR,162,,
TUMOR,EOD_REGIONAL_NODES,163,,
TUMOR,EOD_METS,164,,
TUMOR,DERIVED_EOD2018_T,165,,
TUMOR,DERIVED_EOD2018_N,166,,
TUMOR,DERIVED_EOD2018_M,167,,
TUMOR,DERIVED_EOD2018_STAGE_GROUP,168,,
TUMOR,DERIVED_SUMMARY_STAGE2018,169,,
TUMOR,SUMMARY_STAGE2018,170,,
TUMOR,SEER_SUMMARY_STAGE2000,171,,
TUMOR,SEER_SUMMARY_STAGE1977,172,,
TUMOR,EOD_TUMOR_SIZE,173,,
TUMOR,EOD_EXTENSION,174,,
TUMOR,EOD_EXTENSION_PROST_PATH,175,,
TUMOR,EOD_LYMPH_NODE_INVOLV,176,,
TUMOR,REGIONAL_NODES_POSITIVE,177,,
TUMOR,REGIONAL_NODES_EXAMINED,178,,
TUMOR,DATE_REGIONAL_LYMPH_NODE_DISSECTION,179,,
TUMOR,DATE_REGIONAL_LYMPH_NODE_DISSECTION_FLAG,180,,
TUMOR,SENTINEL_LYMPH_NODES_POSITIVE,181,,
TUMOR,SENTINEL_LYMPH_NODES_EXAMINED,182,,
TUMOR,DATE_OF_SENTINEL_LYMPH_NODE_BIOPSY,183,,
TUMOR,DATE_SENTINEL_LYMPH_NODE_BIOPSY_FLAG,184,,
TUMOR,EOD_OLD13_DIGIT,185,,
TUMOR,EOD_OLD2_DIGIT,186,,
TUMOR,EOD_OLD4_DIGIT,187,,
TUMOR,CODING_SYSTEM_FOR_EOD,188,,
TUMOR,TNM_EDITION_NUMBER,189,,
TUMOR,TNM_PATH_T,190,,
TUMOR,TNM_PATH_N,191,,
TUMOR,TNM_PATH_M,192,,
TUMOR,TNM_PATH_STAGE_GROUP,193,,
TUMOR,TNM_PATH_DESCRIPTOR,194,,
TUMOR,TNM_CLIN_T,195,,
TUMOR,TNM_CLIN_N,196,,
TUMOR,TNM_CLIN_M,197,,
TUMOR,TNM_CLIN_STAGE_GROUP,198,,
TUMOR,TNM_CLIN_DESCRIPTOR,199,,
TUMOR,AJCC_TNM_CLIN_T,200,,
TUMOR,AJCC_TNM_CLIN_T_SUFFIX,201,,
TUMOR,AJCC_TNM_CLIN_N,202,,
TUMOR,AJCC_TNM_CLIN_N_SUFFIX,203,,
TUMOR,AJCC_TNM_CLIN_M,204,,
TUMOR,AJCC_TNM_CLIN_STAGE_GROUP,205,,
TUMOR,AJCC_TNM_PATH_T,206,,
TUMOR,AJCC_TNM_PATH_T_SUFFIX,207,,
TUMOR,AJCC_TNM_PATH_N,208,,
TUMOR,AJCC_TNM_PATH_N_SUFFIX,209,,
TUMOR,AJCC_TNM_PATH_M,210,,
TUMOR,AJCC_TNM_PATH_STAGE_GROUP,211,,
TUMOR,AJCC_TNM_POST_THERAPY_T,212,,
TUMOR,AJCC_TNM_POST_THERAPY_T_SUFFIX,213,,
TUMOR,AJCC_TNM_POST_THERAPY_N,214,,
TUMOR,AJCC_TNM_POST_THERAPY_N_SUFFIX,215,,
TUMOR,AJCC_TNM_POST_THERAPY_M,216,,
TUMOR,AJCC_TNM_POST_THERAPY_STAGE_GROUP,217,,
TUMOR,GRADE_CLINICAL,218,,
TUMOR,GRADE_PATHOLOGICAL,219,,
TUMOR,GRADE_POST_THERAPY,220,,
TUMOR,PEDIATRIC_STAGE,221,,
TUMOR,PEDIATRIC_STAGING_SYSTEM,222,,
TUMOR,PEDIATRIC_STAGED_BY,223,,
TUMOR,TUMOR_MARKER1,224,,
TUMOR,TUMOR_MARKER2,225,,
TUMOR,TUMOR_MARKER3,226,,
TUMOR,LYMPH_VASCULAR_INVASION,227,,
TUMOR,CS_TUMOR_SIZE,228,,
TUMOR,CS_EXTENSION,229,,
TUMOR,CS_TUMOR_SIZE_EXT_EVAL,230,,
TUMOR,CS_LYMPH_NODES,231,,
TUMOR,CS_LYMPH_NODES_EVAL,232,,
TUMOR,CS_METS_AT_DX,233,,
TUMOR,CS_METS_EVAL,234,,
TUMOR,CS_METS_AT_DX_BONE,235,,
TUMOR,CS_METS_AT_DX_BRAIN,236,,
TUMOR,CS_METS_AT_DX_LIVER,237,,
TUMOR,CS_METS_AT_DX_LUNG,238,,
TUMOR,CS_SITE_SPECIFIC_FACTOR1,239,,
TUMOR,CS_SITE_SPECIFIC_FACTOR2,240,,
TUMOR,CS_SITE_SPECIFIC_FACTOR3,241,,
TUMOR,CS_SITE_SPECIFIC_FACTOR4,242,,
TUMOR,CS_SITE_SPECIFIC_FACTOR5,243,,
TUMOR,CS_SITE_SPECIFIC_FACTOR6,244,,
TUMOR,CS_SITE_SPECIFIC_FACTOR7,245,,
TUMOR,CS_SITE_SPECIFIC_FACTOR8,246,,
TUMOR,CS_SITE_SPECIFIC_FACTOR9,247,,
TUMOR,CS_SITE_SPECIFIC_FACTOR10,248,,
TUMOR,CS_SITE_SPECIFIC_FACTOR11,249,,
TUMOR,CS_SITE_SPECIFIC_FACTOR12,250,,
TUMOR,CS_SITE_SPECIFIC_FACTOR13,251,,
TUMOR,CS_SITE_SPECIFIC_FACTOR14,252,,
TUMOR,CS_SITE_SPECIFIC_FACTOR15,253,,
TUMOR,CS_SITE_SPECIFIC_FACTOR16,254,,
TUMOR,CS_SITE_SPECIFIC_FACTOR17,255,,
TUMOR,CS_SITE_SPECIFIC_FACTOR18,256,,
TUMOR,CS_SITE_SPECIFIC_FACTOR19,257,,
TUMOR,CS_SITE_SPECIFIC_FACTOR20,258,,
TUMOR,CS_SITE_SPECIFIC_FACTOR21,259,,
TUMOR,CS_SITE_SPECIFIC_FACTOR22,260,,
TUMOR,CS_SITE_SPECIFIC_FACTOR23,261,,
TUMOR,CS_SITE_SPECIFIC_FACTOR24,262,,
TUMOR,CS_SITE_SPECIFIC_FACTOR25,263,,
TUMOR,DERIVED_AJCC6_T,264,,
TUMOR,DERIVED_AJCC6_T_DESCRIPT,265,,
TUMOR,DERIVED_AJCC6_N,266,,
TUMOR,DERIVED_AJCC6_N_DESCRIPT,267,,
TUMOR,DERIVED_AJCC6_M,268,,
TUMOR,DERIVED_AJCC6_M_DESCRIPT,269,,
TUMOR,DERIVED_AJCC6_STAGE_GRP,270,,
TUMOR,DERIVED_AJCC7_T,271,,
TUMOR,DERIVED_AJCC7_T_DESCRIPT,272,,
TUMOR,DERIVED_AJCC7_N,273,,
TUMOR,DERIVED_AJCC7_N_DESCRIPT,274,,
TUMOR,DERIVED_AJCC7_M,275,,
TUMOR,DERIVED_AJCC7_M_DESCRIPT,276,,
TUMOR,DERIVED_AJCC7_STAGE_GRP,277,,
TUMOR,DERIVED_PRERX7_T,278,,
TUMOR,DERIVED_PRERX7_T_DESCRIP,279,,
TUMOR,DERIVED_PRERX7_N,280,,
TUMOR,DERIVED_PRERX7_N_DESCRIP,281,,
TUMOR,DERIVED_PRERX7_M,282,,
TUMOR,DERIVED_PRERX7_M_DESCRIP,283,,
TUMOR,DERIVED_PRERX7_STAGE_GRP,284,,
TUMOR,DERIVED_POSTRX7_T,285,,
TUMOR,DERIVED_POSTRX7_N,286,,
TUMOR,DERIVED_POSTRX7_M,287,,
TUMOR,DERIVED_POSTRX7_STGE_GRP,288,,
TUMOR,DERIVED_SS1977,289,,
TUMOR,DERIVED_SS2000,290,,
TUMOR,DERIVED_NEOADJUV_RX_FLAG,291,,
TUMOR,DERIVED_AJCC_FLAG,292,,
TUMOR,DERIVED_SS1977_FLAG,293,,
TUMOR,DERIVED_SS2000_FLAG,294,,
TUMOR,NPCR_DERIVED_CLIN_STG_GRP,295,,
TUMOR,NPCR_DERIVED_PATH_STG_GRP,296,,
TUMOR,NPCR_DERIVED_AJCC8_TNM_CLIN_STG_GRP,297,,
TUMOR,NPCR_DERIVED_AJCC8_TNM_PATH_STG_GRP,298,,
TUMOR,NPCR_DERIVED_AJCC8_TNM_POST_THERAPY_STG_GRP,299,,
TUMOR,CS_VERSION_INPUT_CURRENT,300,,
TUMOR,CS_VERSION_INPUT_ORIGINAL,301,,
TUMOR,CS_VERSION_DERIVED,302,,
TUMOR,SEER_SITE_SPECIFIC_FACT1,303,,
TUMOR,SEER_SITE_SPECIFIC_FACT2,304,,
TUMOR,SEER_SITE_SPECIFIC_FACT3,305,,
TUMOR,SEER_SITE_SPECIFIC_FACT4,306,,
TUMOR,SEER_SITE_SPECIFIC_FACT5,307,,
TUMOR,SEER_SITE_SPECIFIC_FACT6,308,,
TUMOR,ICD_REVISION_COMORBID,309,,
TUMOR,COMORBID_COMPLICATION1,310,,
TUMOR,COMORBID_COMPLICATION2,311,,
TUMOR,COMORBID_COMPLICATION3,312,,
TUMOR,COMORBID_COMPLICATION4,313,,
TUMOR,COMORBID_COMPLICATION5,314,,
TUMOR,COMORBID_COMPLICATION6,315,,
TUMOR,COMORBID_COMPLICATION7,316,,
TUMOR,COMORBID_COMPLICATION8,317,,
TUMOR,COMORBID_COMPLICATION9,318,,
TUMOR,COMORBID_COMPLICATION10,319,,
TUMOR,SECONDARY_DIAGNOSIS1,320,,
TUMOR,SECONDARY_DIAGNOSIS2,321,,
TUMOR,SECONDARY_DIAGNOSIS3,322,,
TUMOR,SECONDARY_DIAGNOSIS4,323,,
TUMOR,SECONDARY_DIAGNOSIS5,324,,
TUMOR,SECONDARY_DIAGNOSIS6,325,,
TUMOR,SECONDARY_DIAGNOSIS7,326,,
TUMOR,SECONDARY_DIAGNOSIS8,327,,
TUMOR,SECONDARY_DIAGNOSIS9,328,,
TUMOR,SECONDARY_DIAGNOSIS10,329,,
TUMOR,NPCR_SPECIFIC_FIELD,330,,
TUMOR,AJCC_ID,331,,
TUMOR,SCHEMA_ID,332,,
TUMOR,SCHEMA_DISCRIMINATOR1,333,,
TUMOR,SCHEMA_DISCRIMINATOR2,334,,
TUMOR,SCHEMA_DISCRIMINATOR3,335,,
TUMOR,PERCENT_NECROSIS_POST_NEOADJUVANT,336,,
TUMOR,RESERVED15,337,,
TUMOR,CHROMOSOME1P_LOSS_OF_HETEROZYGOSITY,338,,
TUMOR,CHROMOSOME19Q_LOSS_OF_HETEROZYGOSITY,339,,
TUMOR,METHYLATION_OF_O6_METHYLGUANINE_METHYLTRANSFERASE,340,,
TUMOR,ESTROGEN_RECEPTOR_SUMMARY,341,,
TUMOR,HER2_OVERALL_SUMMARY,342,,
TUMOR,LN_POSITIVE_AXILLARY_LEVEL1_TO2,343,,
TUMOR,MULTIGENE_SIGNATURE_METHOD,344,,
TUMOR,MULTIGENE_SIGNATURE_RESULTS,345,,
TUMOR,PROGESTERONE_RECEPTOR_SUMMARY,346,,
TUMOR,RESPONSE_TO_NEOADJUVANT_THERAPY,347,,
TUMOR,ESTROGEN_RECEPTOR_PERCENT_POSITIVE_OR_RANGE,348,,
TUMOR,ESTROGEN_RECEPTOR_TOTAL_ALLRED_SCORE,349,,
TUMOR,HER2_IHC_SUMMARY,350,,
TUMOR,HER2_ISH_DUAL_PROBE_COPY_NUMBER,351,,
TUMOR,HER2_ISH_DUAL_PROBE_RATIO,352,,
TUMOR,HER2_ISH_SINGLE_PROBE_COPY_NUMBER,353,,
TUMOR,HER2_ISH_SUMMARY,354,,
TUMOR,KI67,355,,
TUMOR,ONCOTYPE_DX_RECURRENCE_SCORE_DCIS,356,,
TUMOR,ONCOTYPE_DX_RECURRENCE_SCORE_INVASIVE,357,,
TUMOR,ONCOTYPE_DX_RISK_LEVEL_DCIS,358,,
TUMOR,ONCOTYPE_DX_RISK_LEVEL_INVASIVE,359,,
TUMOR,PROGESTERONE_RECEPTOR_PERCENT_POSITIVE_OR_RANGE,360,,
TUMOR,PROGESTERONE_RECEPTOR_TOTAL_ALLRED_SCORE,361,,
TUMOR,CEA_PRETREATMENT_INTERPRETATION,362,,
TUMOR,CEA_PRETREATMENT_LAB_VALUE,363,,
TUMOR,CIRCUMFERENTIAL_RESECTION_MARGIN,364,,
TUMOR,KRAS,365,,
TUMOR,MICROSATELLITE_INSTABILITY,366,,
TUMOR,PERINEURAL_INVASION,367,,
TUMOR,TUMOR_DEPOSITS,368,,
TUMOR,NUMBER_OF_POSITIVE_PARA_AORTIC_NODES,369,,
TUMOR,NUMBER_OF_EXAMINED_PARA_AORTIC_NODES,370,,
TUMOR,NUMBER_OF_POSITIVE_PELVIC_NODES,371,,
TUMOR,NUMBER_OF_EXAMINED_PELVIC_NODES,372,,
TUMOR,PERITONEAL_CYTOLOGY,373,,
TUMOR,ESOPHAGUS_AND_EGJ_TUMOR_EPICENTER,374,,
TUMOR,KIT_GENE_IMMUNOHISTOCHEMISTRY,375,,
TUMOR,FIGO_STAGE,376,,
TUMOR,EXTRANODAL_EXTENSION_HEAD_AND_NECK_CLINICAL,377,,
TUMOR,EXTRANODAL_EXTENSION_HEAD_AND_NECK_PATHOLOGICAL,378,,
TUMOR,LN_HEAD_AND_NECK_LEVELS1_TO3,379,,
TUMOR,LN_HEAD_AND_NECK_LEVELS4_TO5,380,,
TUMOR,LN_HEAD_AND_NECK_LEVELS6_TO7,381,,
TUMOR,LN_HEAD_AND_NECK_OTHER,382,,
TUMOR,LN_SIZE,383,,
TUMOR,JAK2,384,,
TUMOR,PRIMARY_SCLEROSING_CHOLANGITIS,385,,
TUMOR,TUMOR_GROWTH_PATTERN,386,,
TUMOR,IPSILATERAL_ADRENAL_GLAND_INVOLVEMENT,387,,
TUMOR,INVASION_BEYOND_CAPSULE,388,,
TUMOR,MAJOR_VEIN_INVOLVEMENT,389,,
TUMOR,SARCOMATOID_FEATURES,390,,
TUMOR,ADENOID_CYSTIC_BASALOID_PATTERN,391,,
TUMOR,AFP_PRETREATMENT_INTERPRETATION,392,,
TUMOR,AFP_PRETREATMENT_LAB_VALUE,393,,
TUMOR,BILIRUBIN_PRETREATMENT_TOTAL_LAB_VALUE,394,,
TUMOR,BILIRUBIN_PRETREATMENT_UNIT_OF_MEASURE,395,,
TUMOR,CREATININE_PRETREATMENT_LAB_VALUE,396,,
TUMOR,CREATININE_PRETREATMENT_UNIT_OF_MEASURE,397,,
TUMOR,FIBROSIS_SCORE,398,,
TUMOR,INTERNATIONAL_NORMALIZED_RATIO_FOR_PROTHROMBIN_TIME,399,,
TUMOR,SEPARATE_TUMOR_NODULES,400,,
TUMOR,VISCERAL_AND_PARIETAL_PLEURAL_INVASION,401,,
TUMOR,B_SYMPTOMS,402,,
TUMOR,HIV_STATUS,403,,
TUMOR,NCCN_INTERNATIONAL_PROGNOSTIC_INDEX,404,,
TUMOR,MITOTIC_RATE_MELANOMA,405,,
TUMOR,CHROMOSOME3_STATUS,406,,
TUMOR,CHROMOSOME8Q_STATUS,407,,
TUMOR,EXTRAVASCULAR_MATRIX_PATTERNS,408,,
TUMOR,MEASURED_BASAL_DIAMETER,409,,
TUMOR,MEASURED_THICKNESS,410,,
TUMOR,MICROVASCULAR_DENSITY,411,,
TUMOR,MITOTIC_COUNT_UVEAL_MELANOMA,412,,
TUMOR,BRESLOW_TUMOR_THICKNESS,413,,
TUMOR,LDH_UPPER_LIMITS_OF_NORMAL,414,,
TUMOR,LDH_PRETREATMENT_LAB_VALUE,415,,
TUMOR,ULCERATION,416,,
TUMOR,LN_ISOLATED_TUMOR_CELLS,417,,
TUMOR,PROFOUND_IMMUNE_SUPPRESSION,418,,
TUMOR,PERIPHERAL_BLOOD_INVOLVEMENT,419,,
TUMOR,HERITABLE_TRAIT,420,,
TUMOR,ADENOPATHY,421,,
TUMOR,ANEMIA,422,,
TUMOR,LYMPHOCYTOSIS,423,,
TUMOR,ORGANOMEGALY,424,,
TUMOR,THROMBOCYTOPENIA,425,,
TUMOR,HIGH_RISK_CYTOGENETICS,426,,
TUMOR,LDH_PRETREATMENT_LEVEL,427,,
TUMOR,SERUM_ALBUMIN_PRETREATMENT_LEVEL,428,,
TUMOR,SERUM_BETA2_MICROGLOBULIN_PRETREATMENT_LEVEL,429,,
TUMOR,CA125_PRETREATMENT_INTERPRETATION,430,,
TUMOR,RESIDUAL_TUMOR_VOLUME_POST_CYTOREDUCTION,431,,
TUMOR,EXTRANODAL_EXTENSION_CLIN,432,,
TUMOR,EXTRANODAL_EXTENSION_PATH,433,,
TUMOR,GESTATIONAL_TROPHOBLASTIC_PROGNOSTIC_SCORING_INDEX,434,,
TUMOR,PLEURAL_EFFUSION,435,,
TUMOR,GLEASON_PATTERNS_CLINICAL,436,,
TUMOR,GLEASON_PATTERNS_PATHOLOGICAL,437,,
TUMOR,GLEASON_SCORE_CLINICAL,438,,
TUMOR,GLEASON_SCORE_PATHOLOGICAL,439,,
TUMOR,GLEASON_TERTIARY_PATTERN,440,,
TUMOR,NUMBER_OF_CORES_EXAMINED,441,,
TUMOR,NUMBER_OF_CORES_POSITIVE,442,,
TUMOR,PROSTATE_PATHOLOGICAL_EXTENSION,443,,
TUMOR,PSA_LAB_VALUE,444,,
TUMOR,HIGH_RISK_HISTOLOGIC_FEATURES,445,,
TUMOR,BONE_INVASION,446,,
TUMOR,AFP_PRE_ORCHIECTOMY_LAB_VALUE,447,,
TUMOR,AFP_PRE_ORCHIECTOMY_RANGE,448,,
TUMOR,AFP_POST_ORCHIECTOMY_LAB_VALUE,449,,
TUMOR,AFP_POST_ORCHIECTOMY_RANGE,450,,
TUMOR,HCG_PRE_ORCHIECTOMY_LAB_VALUE,451,,
TUMOR,HCG_PRE_ORCHIECTOMY_RANGE,452,,
TUMOR,HCG_POST_ORCHIECTOMY_LAB_VALUE,453,,
TUMOR,HCG_POST_ORCHIECTOMY_RANGE,454,,
TUMOR,LDH_PRE_ORCHIECTOMY_RANGE,455,,
TUMOR,LDH_POST_ORCHIECTOMY_RANGE,456,,
TUMOR,S_CATEGORY_CLINICAL,457,,
TUMOR,S_CATEGORY_PATHOLOGICAL,458,,
TUMOR,LN_ASSESSMENT_METHOD_PARA_AORTIC,459,,
TUMOR,LN_ASSESSMENT_METHOD_PELVIC,460,,
TUMOR,LN_DISTANT_ASSESSMENT_METHOD,461,,
TUMOR,LN_DISTANT_MEDIASTINAL_SCALENE,462,,
TUMOR,LN_STATUS_FEMORAL_INGUINAL_PARA_AORTIC_PELVIC,463,,
TUMOR,LN_ASSESSMENT_METHOD_FEMORAL_INGUINAL,464,,
TUMOR,LN_LATERALITY,465,,
TUMOR,BRAIN_MOLECULAR_MARKERS,466,,
TUMOR,RESERVED05,467,,
TUMOR,DATE_INITIAL_RX_SEER,468,,
TUMOR,DATE_INITIAL_RX_SEER_FLAG,469,,
TUMOR,DATE1ST_CRS_RX_COC,470,,
TUMOR,DATE1ST_CRS_RX_COC_FLAG,471,,
TUMOR,RX_DATE_SURGERY,472,,
TUMOR,RX_DATE_SURGERY_FLAG,473,,
TUMOR,RX_DATE_MOST_DEFIN_SURG,474,,
TUMOR,RX_DATE_MOST_DEFIN_SURG_FLAG,475,,
TUMOR,RX_DATE_SURGICAL_DISCH,476,,
TUMOR,RX_DATE_SURGICAL_DISCH_FLAG,477,,
TUMOR,RX_DATE_RADIATION,478,,
TUMOR,RX_DATE_RADIATION_FLAG,479,,
TUMOR,RX_DATE_RADIATION_ENDED,480,,
TUMOR,RX_DATE_RADIATION_ENDED_FLAG,481,,
TUMOR,RX_DATE_SYSTEMIC,482,,
TUMOR,RX_DATE_SYSTEMIC_FLAG,483,,
TUMOR,RX_DATE_CHEMO,484,,
TUMOR,RX_DATE_CHEMO_FLAG,485,,
TUMOR,RX_DATE_HORMONE,486,,
TUMOR,RX_DATE_HORMONE_FLAG,487,,
TUMOR,RX_DATE_BRM,488,,
TUMOR,RX_DATE_BRM_FLAG,489,,
TUMOR,RX_DATE_OTHER,490,,
TUMOR,RX_DATE_OTHER_FLAG,491,,
TUMOR,RX_DATE_DX_STG_PROC,492,,
TUMOR,RX_DATE_DX_STG_PROC_FLAG,493,,
TUMOR,RX_SUMM_TREATMENT_STATUS,494,,
TUMOR,RX_SUMM_SURG_PRIM_SITE,495,,
TUMOR,RX_SUMM_SCOPE_REG_LN_SUR,496,,
TUMOR,RX_SUMM_SURG_OTH_REG_DIS,497,,
TUMOR,RX_SUMM_REG_LN_EXAMINED,498,,
TUMOR,RX_SUMM_SURGICAL_APPROCH,499,,
TUMOR,RX_SUMM_SURGICAL_MARGINS,500,,
TUMOR,RX_SUMM_RECONSTRUCT1ST,501,,
TUMOR,REASON_FOR_NO_SURGERY,502,,
TUMOR,RX_SUMM_DX_STG_PROC,503,,
TUMOR,RX_SUMM_PALLIATIVE_PROC,504,,
TUMOR,RX_SUMM_RADIATION,505,,
TUMOR,RX_SUMM_RAD_TO_CNS,506,,
TUMOR,RX_SUMM_SURG_RAD_SEQ,507,,
TUMOR,RX_SUMM_TRANSPLNT_ENDOCR,508,,
TUMOR,RX_SUMM_CHEMO,509,,
TUMOR,RX_SUMM_HORMONE,510,,
TUMOR,RX_SUMM_BRM,511,,
TUMOR,RX_SUMM_OTHER,512,,
TUMOR,REASON_FOR_NO_RADIATION,513,,
TUMOR,RX_CODING_SYSTEM_CURRENT,514,,
TUMOR,RAD_REGIONAL_DOSE_CGY,515,,
TUMOR,RAD_NO_OF_TREATMENT_VOL,516,,
TUMOR,RAD_TREATMENT_VOLUME,517,,
TUMOR,RAD_LOCATION_OF_RX,518,,
TUMOR,RAD_REGIONAL_RX_MODALITY,519,,
TUMOR,RAD_BOOST_RX_MODALITY,520,,
TUMOR,RAD_BOOST_DOSE_CGY,521,,
TUMOR,RX_SUMM_SYSTEMIC_SUR_SEQ,522,,
TUMOR,RX_SUMM_SURGERY_TYPE,523,,
TUMOR,READM_SAME_HOSP30_DAYS,524,,
TUMOR,RX_SUMM_SURG_SITE9802,525,,
TUMOR,RX_SUMM_SCOPE_REG9802,526,,
TUMOR,RX_SUMM_SURG_OTH9802,527,,
TUMOR,PHASE1_RADIATION_PRIMARY_TREATMENT_VOLUME,528,,
TUMOR,PHASE1_RADIATION_TO_DRAINING_LYMPH_NODES,529,,
TUMOR,PHASE1_RADIATION_TREATMENT_MODALITY,530,,
TUMOR,PHASE1_RADIATION_EXTERNAL_BEAM_PLANNING_TECH,531,,
TUMOR,PHASE1_DOSE_PER_FRACTION,532,,
TUMOR,PHASE1_NUMBER_OF_FRACTIONS,533,,
TUMOR,PHASE1_TOTAL_DOSE,534,,
TUMOR,PHASE2_RADIATION_PRIMARY_TREATMENT_VOLUME,535,,
TUMOR,PHASE2_RADIATION_TO_DRAINING_LYMPH_NODES,536,,
TUMOR,PHASE2_RADIATION_TREATMENT_MODALITY,537,,
TUMOR,PHASE2_RADIATION_EXTERNAL_BEAM_PLANNING_TECH,538,,
TUMOR,PHASE2_DOSE_PER_FRACTION,539,,
TUMOR,PHASE2_NUMBER_OF_FRACTIONS,540,,
TUMOR,PHASE2_TOTAL_DOSE,541,,
TUMOR,PHASE3_RADIATION_PRIMARY_TREATMENT_VOLUME,542,,
TUMOR,PHASE3_RADIATION_TO_DRAINING_LYMPH_NODES,543,,
TUMOR,PHASE3_RADIATION_TREATMENT_MODALITY,544,,
TUMOR,PHASE3_RADIATION_EXTERNAL_BEAM_PLANNING_TECH,545,,
TUMOR,PHASE3_DOSE_PER_FRACTION,546,,
TUMOR,PHASE3_NUMBER_OF_FRACTIONS,547,,
TUMOR,PHASE3_TOTAL_DOSE,548,,
TUMOR,NUMBER_OF_PHASES_OF_RAD_TREATMENT_TO_THIS_VOLUME,549,,
TUMOR,RADIATION_TREATMENT_DISCONTINUED_EARLY,550,,
TUMOR,TOTAL_DOSE,551,,
TUMOR,RESERVED06,552,,
TUMOR,SUBSQ_RX2ND_COURSE_DATE,553,,
TUMOR,SUBSQ_RX2NDCRS_DATE_FLAG,554,,
TUMOR,SUBSQ_RX2ND_COURSE_SURG,555,,
TUMOR,SUBSQ_RX2ND_SCOPE_LN_SU,556,,
TUMOR,SUBSQ_RX2ND_SURG_OTH,557,,
TUMOR,SUBSQ_RX2ND_REG_LN_REM,558,,
TUMOR,SUBSQ_RX2ND_COURSE_RAD,559,,
TUMOR,SUBSQ_RX2ND_COURSE_CHEMO,560,,
TUMOR,SUBSQ_RX2ND_COURSE_HORM,561,,
TUMOR,SUBSQ_RX2ND_COURSE_BRM,562,,
TUMOR,SUBSQ_RX2ND_COURSE_OTH,563,,
TUMOR,SUBSQ_RX3RD_COURSE_DATE,564,,
TUMOR,SUBSQ_RX3RDCRS_DATE_FLAG,565,,
TUMOR,SUBSQ_RX3RD_COURSE_SURG,566,,
TUMOR,SUBSQ_RX3RD_SCOPE_LN_SU,567,,
TUMOR,SUBSQ_RX3RD_SURG_OTH,568,,
TUMOR,SUBSQ_RX3RD_REG_LN_REM,569,,
TUMOR,SUBSQ_RX3RD_COURSE_RAD,570,,
TUMOR,SUBSQ_RX3RD_COURSE_CHEMO,571,,
TUMOR,SUBSQ_RX3RD_COURSE_HORM,572,,
TUMOR,SUBSQ_RX3RD_COURSE_BRM,573,,
TUMOR,SUBSQ_RX3RD_COURSE_OTH,574,,
TUMOR,SUBSQ_RX4TH_COURSE_DATE,575,,
TUMOR,SUBSQ_RX4THCRS_DATE_FLAG,576,,
TUMOR,SUBSQ_RX4TH_COURSE_SURG,577,,
TUMOR,SUBSQ_RX4TH_SCOPE_LN_SU,578,,
TUMOR,SUBSQ_RX4TH_SURG_OTH,579,,
TUMOR,SUBSQ_RX4TH_REG_LN_REM,580,,
TUMOR,SUBSQ_RX4TH_COURSE_RAD,581,,
TUMOR,SUBSQ_RX4TH_COURSE_CHEMO,582,,
TUMOR,SUBSQ_RX4TH_COURSE_HORM,583,,
TUMOR,SUBSQ_RX4TH_COURSE_BRM,584,,
TUMOR,SUBSQ_RX4TH_COURSE_OTH,585,,
TUMOR,SUBSQ_RX_RECONSTRUCT_DEL,586,,
TUMOR,RESERVED07,587,,
TUMOR,OVER_RIDE_SS_NODESPOS,588,,
TUMOR,OVER_RIDE_SS_TNM_N,589,,
TUMOR,OVER_RIDE_SS_TNM_M,590,,
TUMOR,OVER_RIDE_ACSN_CLASS_SEQ,591,,
TUMOR,OVER_RIDE_HOSPSEQ_DXCONF,592,,
TUMOR,OVER_RIDE_COC_SITE_TYPE,593,,
TUMOR,OVER_RIDE_HOSPSEQ_SITE,594,,
TUMOR,OVER_RIDE_SITE_TNM_STGGRP,595,,
TUMOR,OVER_RIDE_AGE_SITE_MORPH,596,,
TUMOR,OVER_RIDE_TNM_STAGE,597,,
TUMOR,OVER_RIDE_TNM_TIS,598,,
TUMOR,OVER_RIDE_TNM3,599,,
TUMOR,OVER_RIDE_SEQNO_DXCONF,600,,
TUMOR,OVER_RIDE_SITE_LAT_SEQNO,601,,
TUMOR,OVER_RIDE_SURG_DXCONF,602,,
TUMOR,OVER_RIDE_SITE_TYPE,603,,
TUMOR,OVER_RIDE_HISTOLOGY,604,,
TUMOR,OVER_RIDE_REPORT_SOURCE,605,,
TUMOR,OVER_RIDE_ILL_DEFINE_SITE,606,,
TUMOR,OVER_RIDE_LEUK_LYMPHOMA,607,,
TUMOR,OVER_RIDE_SITE_BEHAVIOR,608,,
TUMOR,OVER_RIDE_SITE_EOD_DX_DT,609,,
TUMOR,OVER_RIDE_SITE_LAT_EOD,610,,
TUMOR,OVER_RIDE_SITE_LAT_MORPH,611,,
TUMOR,OVER_RIDE_NAME_SEX,612,,
TUMOR,SITE_ICD_O1,613,,
TUMOR,HISTOLOGY_ICD_O1,614,,
TUMOR,BEHAVIOR_ICD_O1,615,,
TUMOR,GRADE_ICD_O1,616,,
TUMOR,ICD_O2_CONVERSION_FLAG,617,,
TUMOR,CRC_CHECKSUM,618,,
TUMOR,SEER_CODING_SYS_CURRENT,619,,
TUMOR,SEER_CODING_SYS_ORIGINAL,620,,
TUMOR,COC_CODING_SYS_CURRENT,621,,
TUMOR,COC_CODING_SYS_ORIGINAL,622,,
TUMOR,RQRS_NCDB_SUBMISSION_FLAG,623,,
TUMOR,COC_ACCREDITED_FLAG,624,,
TUMOR,VENDOR_NAME,625,,
TUMOR,SEER_TYPE_OF_FOLLOW_UP,626,,
TUMOR,SEER_RECORD_NUMBER,627,,
TUMOR,DIAGNOSTIC_PROC7387,628,,
TUMOR,DATE_CASE_INITIATED,629,,
TUMOR,DATE_CASE_COMPLETED,630,,
TUMOR,DATE_CASE_COMPLETED_COC,631,,
TUMOR,DATE_CASE_LAST_CHANGED,632,,
TUMOR,DATE_CASE_REPORT_EXPORTED,633,,
TUMOR,DATE_CASE_REPORT_RECEIVED,634,,
TUMOR,DATE_CASE_REPORT_LOADED,635,,
TUMOR,DATE_TUMOR_RECORD_AVAILBL,636,,
TUMOR,ICD_O3_CONVERSION_FLAG,637,,
TUMOR,OVER_RIDE_CS1,638,,
TUMOR,OVER_RIDE_CS2,639,,
TUMOR,OVER_RIDE_CS3,640,,
TUMOR,OVER_RIDE_CS4,641,,
TUMOR,OVER_RIDE_CS5,642,,
TUMOR,OVER_RIDE_CS6,643,,
TUMOR,OVER_RIDE_CS7,644,,
TUMOR,OVER_RIDE_CS8,645,,
TUMOR,OVER_RIDE_CS9,646,,
TUMOR,OVER_RIDE_CS10,647,,
TUMOR,OVER_RIDE_CS11,648,,
TUMOR,OVER_RIDE_CS12,649,,
TUMOR,OVER_RIDE_CS13,650,,
TUMOR,OVER_RIDE_CS14,651,,
TUMOR,OVER_RIDE_CS15,652,,
TUMOR,OVER_RIDE_CS16,653,,
TUMOR,OVER_RIDE_CS17,654,,
TUMOR,OVER_RIDE_CS18,655,,
TUMOR,OVER_RIDE_CS19,656,,
TUMOR,OVER_RIDE_CS20,657,,
TUMOR,RESERVED08,658,,
TUMOR,DATE_OF_LAST_CONTACT,659,,
TUMOR,DATE_OF_LAST_CONTACT_FLAG,660,,
TUMOR,VITAL_STATUS,661,,
TUMOR,VITAL_STATUS_RECODE,662,,
TUMOR,CANCER_STATUS,663,,
TUMOR,DATE_OF_LAST_CANCER_STATUS,664,,
TUMOR,DATE_OF_LAST_CANCER_STATUS_FLAG,665,,
TUMOR,RECORD_NUMBER_RECODE,666,,
TUMOR,QUALITY_OF_SURVIVAL,667,,
TUMOR,FOLLOW_UP_SOURCE,668,,
TUMOR,NEXT_FOLLOW_UP_SOURCE,669,,
TUMOR,ADDR_CURRENT_CITY,670,,
TUMOR,ADDR_CURRENT_STATE,671,,
TUMOR,ADDR_CURRENT_POSTAL_CODE,672,,
TUMOR,COUNTY_CURRENT,673,,
TUMOR,RECURRENCE_DATE1ST,674,,
TUMOR,RECURRENCE_DATE1ST_FLAG,675,,
TUMOR,RECURRENCE_TYPE1ST,676,,
TUMOR,FOLLOW_UP_CONTACT_CITY,677,,
TUMOR,FOLLOW_UP_CONTACT_STATE,678,,
TUMOR,FOLLOW_UP_CONTACT_POSTAL,679,,
TUMOR,CAUSE_OF_DEATH,680,,
TUMOR,SEER_CAUSE_SPECIFIC_COD,681,,
TUMOR,SEER_OTHER_COD,682,,
TUMOR,ICD_REVISION_NUMBER,683,,
TUMOR,AUTOPSY,684,,
TUMOR,PLACE_OF_DEATH,685,,
TUMOR,FOLLOW_UP_SOURCE_CENTRAL,686,,
TUMOR,DATE_OF_DEATH_CANADA,687,,
TUMOR,DATE_OF_DEATH_CANADA_FLAG,688,,
TUMOR,UNUSUAL_FOLLOW_UP_METHOD,689,,
TUMOR,SURV_DATE_ACTIVE_FOLLOWUP,690,,
TUMOR,SURV_FLAG_ACTIVE_FOLLOWUP,691,,
TUMOR,SURV_MOS_ACTIVE_FOLLOWUP,692,,
TUMOR,SURV_DATE_PRESUMED_ALIVE,693,,
TUMOR,SURV_FLAG_PRESUMED_ALIVE,694,,
TUMOR,SURV_MOS_PRESUMED_ALIVE,695,,
TUMOR,SURV_DATE_DX_RECODE,696,,
TUMOR,RESERVED09,697,,
TUMOR,STATE_REQUESTOR_ITEMS,698,,
TUMOR,NAME_LAST,699,,
TUMOR,NAME_FIRST,700,,
TUMOR,NAME_MIDDLE,701,,
TUMOR,NAME_PREFIX,702,,
TUMOR,NAME_SUFFIX,703,,
TUMOR,NAME_ALIAS,704,,
TUMOR,NAME_MAIDEN,705,,
TUMOR,NAME_SPOUSE_PARENT,706,,
TUMOR,MEDICAL_RECORD_NUMBER,707,,
TUMOR,MILITARY_RECORD_NO_SUFFIX,708,,
TUMOR,SOCIAL_SECURITY_NUMBER,709,,
TUMOR,MEDICARE_BENEFICIARY_IDENTIFIER,710,,
TUMOR,ADDR_AT_DX_NO_STREET,711,,
TUMOR,ADDR_AT_DX_SUPPLEMENTL,712,,
TUMOR,ADDR_CURRENT_NO_STREET,713,,
TUMOR,ADDR_CURRENT_SUPPLEMENTL,714,,
TUMOR,TELEPHONE,715,,
TUMOR,DC_STATE_FILE_NUMBER,716,,
TUMOR,FOLLOW_UP_CONTACT_NAME,717,,
TUMOR,FOLLOW_UP_CONTACT_NOST,718,,
TUMOR,FOLLOW_UP_CONTACT_SUPPL,719,,
TUMOR,LATITUDE,720,,
TUMOR,LONGITUDE,721,,
TUMOR,RESERVED10,722,,
TUMOR,NPI_FOLLOWING_REGISTRY,723,,
TUMOR,FOLLOWING_REGISTRY,724,,
TUMOR,NPI_INST_REFERRED_FROM,725,,
TUMOR,INSTITUTION_REFERRED_FROM,726,,
TUMOR,NPI_INST_REFERRED_TO,727,,
TUMOR,INSTITUTION_REFERRED_TO,728,,
TUMOR,RESERVED11,729,,
TUMOR,NPI_PHYSICIAN_MANAGING,730,,
TUMOR,PHYSICIAN_MANAGING,731,,
TUMOR,NPI_PHYSICIAN_FOLLOW_UP,732,,
TUMOR,PHYSICIAN_FOLLOW_UP,733,,
TUMOR,NPI_PHYSICIAN_PRIMARY_SURG,734,,
TUMOR,PHYSICIAN_PRIMARY_SURG,735,,
TUMOR,NPI_PHYSICIAN3,736,,
TUMOR,PHYSICIAN3,737,,
TUMOR,NPI_PHYSICIAN4,738,,
TUMOR,PHYSICIAN4,739,,
TUMOR,EHR_REPORTING,740,,
TUMOR,RESERVED12,741,,
TUMOR,PATH_REPORTING_FAC_ID1,742,,
TUMOR,PATH_REPORT_NUMBER1,743,,
TUMOR,PATH_DATE_SPEC_COLLECT1,744,,
TUMOR,PATH_REPORT_TYPE1,745,,
TUMOR,PATH_ORDERING_FAC_NO1,746,,
TUMOR,PATH_ORDER_PHYS_LIC_NO1,747,,
TUMOR,PATH_REPORTING_FAC_ID2,748,,
TUMOR,PATH_REPORT_NUMBER2,749,,
TUMOR,PATH_DATE_SPEC_COLLECT2,750,,
TUMOR,PATH_REPORT_TYPE2,751,,
TUMOR,PATH_ORDERING_FAC_NO2,752,,
TUMOR,PATH_ORDER_PHYS_LIC_NO2,753,,
TUMOR,PATH_REPORTING_FAC_ID3,754,,
TUMOR,PATH_REPORT_NUMBER3,755,,
TUMOR,PATH_DATE_SPEC_COLLECT3,756,,
TUMOR,PATH_REPORT_TYPE3,757,,
TUMOR,PATH_ORDERING_FAC_NO3,758,,
TUMOR,PATH_ORDER_PHYS_LIC_NO3,759,,
TUMOR,PATH_REPORTING_FAC_ID4,760,,
TUMOR,PATH_REPORT_NUMBER4,761,,
TUMOR,PATH_DATE_SPEC_COLLECT4,762,,
TUMOR,PATH_REPORT_TYPE4,763,,
TUMOR,PATH_ORDERING_FAC_NO4,764,,
TUMOR,PATH_ORDER_PHYS_LIC_NO4,765,,
TUMOR,PATH_REPORTING_FAC_ID5,766,,
TUMOR,PATH_REPORT_NUMBER5,767,,
TUMOR,PATH_DATE_SPEC_COLLECT5,768,,
TUMOR,PATH_REPORT_TYPE5,769,,
TUMOR,PATH_ORDERING_FAC_NO5,770,,
TUMOR,PATH_ORDER_PHYS_LIC_NO5,771,,
TUMOR,RESERVED13,772,,
TUMOR,TEXT_DX_PROC_PE,773,,
TUMOR,TEXT_DX_PROC_X_RAY_SCAN,774,,
TUMOR,TEXT_DX_PROC_SCOPES,775,,
TUMOR,TEXT_DX_PROC_LAB_TESTS,776,,
TUMOR,TEXT_DX_PROC_OP,777,,
TUMOR,TEXT_DX_PROC_PATH,778,,
TUMOR,TEXT_PRIMARY_SITE_TITLE,779,,
TUMOR,TEXT_HISTOLOGY_TITLE,780,,
TUMOR,TEXT_STAGING,781,,
TUMOR,RX_TEXT_SURGERY,782,,
TUMOR,RX_TEXT_RADIATION,783,,
TUMOR,RX_TEXT_RADIATION_OTHER,784,,
TUMOR,RX_TEXT_CHEMO,785,,
TUMOR,RX_TEXT_HORMONE,786,,
TUMOR,RX_TEXT_BRM,787,,
TUMOR,RX_TEXT_OTHER,788,,
TUMOR,TEXT_REMARKS,789,,
TUMOR,TEXT_PLACE_OF_DIAGNOSIS,790,,
TUMOR,RESERVED14,791,,
